{"cameraMode":{"drawMode":0,"name":"Shaded","section":"Shading Mode"},"sceneLighting":true,"audioPlay":false,"sceneViewState":{"m_AlwaysRefresh":false,"showFog":true,"showSkybox":true,"showFlares":true,"showImageEffects":true,"showParticleSystems":true,"showVisualEffectGraphs":true,"m_FxEnabled":true},"in2DMode":false,"pivot":{"x":0.33979251980781557,"y":0.06654002517461777,"z":-0.08864939212799072},"rotation":{"x":0.25119122862815859,"y":0.4311046898365021,"z":-0.1263032704591751,"w":0.8573804497718811},"size":5.806997776031494,"orthographic":false}