{"cameraMode":{"drawMode":0,"name":"Shaded","section":"Shading Mode"},"sceneLighting":true,"audioPlay":false,"sceneViewState":{"m_AlwaysRefresh":false,"showFog":true,"showSkybox":true,"showFlares":true,"showImageEffects":true,"showParticleSystems":true,"showVisualEffectGraphs":true,"m_FxEnabled":true},"in2DMode":false,"pivot":{"x":-12.632481575012207,"y":-10.572406768798829,"z":56.856075286865237},"rotation":{"x":0.053976871073246,"y":0.9424882531166077,"z":-0.20319399237632752,"w":0.26000699400901797},"size":0.42408958077430727,"orthographic":false}