{"cameraMode":{"drawMode":0,"name":"Shaded","section":"Shading Mode"},"sceneLighting":true,"audioPlay":false,"sceneViewState":{"m_AlwaysRefresh":false,"showFog":true,"showSkybox":true,"showFlares":true,"showImageEffects":true,"showParticleSystems":true,"showVisualEffectGraphs":true,"m_FxEnabled":true},"in2DMode":false,"pivot":{"x":-21.78151512145996,"y":16.254501342773439,"z":15.393403053283692},"rotation":{"x":-0.09855583310127258,"y":-0.8990928530693054,"z":0.26486527919769289,"w":-0.3344308137893677},"size":0.42092740535736086,"orthographic":false}